{
    "13.5": 13,
    "13.0": 6,
    "12.5": 12,
    "12.3": 14,
    "12.0": 24,
    "11.5": 24,
    "11.0": 36,
    "10.5": 14,
    "2.039999999999999": 1,
    "2.6400000000000006": 2,
    "4.1": 2,
    "5.72": 1
}